{"cameraMode":{"drawMode":0,"name":"Shaded","section":"Shading Mode"},"sceneLighting":true,"audioPlay":false,"sceneViewState":{"m_AlwaysRefresh":false,"showFog":true,"showSkybox":true,"showFlares":true,"showImageEffects":true,"showParticleSystems":true,"showVisualEffectGraphs":true,"m_FxEnabled":true},"in2DMode":false,"pivot":{"x":40.57566452026367,"y":12.461648941040039,"z":-83.9482650756836},"rotation":{"x":0.262681245803833,"y":0.0072330087423324589,"z":-0.001966120908036828,"w":0.9648440480232239},"size":16.195669174194337,"orthographic":false}